groupid	contents
1	Hello this is a test note [ 13:29, 6/8/2008 ]
2	According to Jones et al:\n\n[ 21:32, 21/4/2008 ]\n\nThe protein was puriï¬ed in the presence of 5 M urea as described (Li 
3	This is your personal notepad. Put anything in here and it will be saved for later use.
4	This is your personal notepad. Put anything in here and it will be saved for later use.
5	This is your personal notepad. Put anything in here and it will be saved for later use.
6	This is your personal notepad. Put anything in here and it will be saved for later use.
7	This is your personal notepad. Put anything in here and it will be saved for later use.
8	This is your personal notepad. Put anything in here and it will be saved for later use.
9	This is your personal notepad. Put anything in here and it will be saved for later use.
10	This is your personal notepad. Put anything in here and it will be saved for later use.
11	This is your personal notepad. Put anything in here and it will be saved for later use.
12	This is your personal notepad. Put anything in here and it will be saved for later use.
13	This is your personal notepad. Put anything in here and it will be saved for later use.
14	This is your personal notepad. Put anything in here and it will be saved for later use.
15	This is your personal notepad. Put anything in here and it will be saved for later use.
16	This is your personal notepad. Put anything in here and it will be saved for later use.
17	This is your personal notepad. Put anything in here and it will be saved for later use.
18	This is your personal notepad. Put anything in here and it will be saved for later use.
19	This is your personal notepad. Put anything in here and it will be saved for later use.
20	This is your personal notepad. Put anything in here and it will be saved for later use.
21	This is your personal notepad. Put anything in here and it will be saved for later use.
22	This is your personal notepad. Put anything in here and it will be saved for later use.
23	This is your personal notepad. Put anything in here and it will be saved for later use.
24	:O [ 15:36, 27/11/2008 ]
25	This is your personal notepad. Put anything in here and it will be saved for later use.
26	This is your personal notepad. Put anything in here and it will be saved for later use.
27	This is your personal notepad. Put anything in here and it will be saved for later use.
28	This is your personal notepad. Put anything in here and it will be saved for later use.
29	This is your personal notepad. Put anything in here and it will be saved for later use.
30	This is your personal notepad. Put anything in here and it will be saved for later use.
31	This is your personal notepad. Put anything in here and it will be saved for later use.
32	This is your personal notepad. Put anything in here and it will be saved for later use.
33	This is your personal notepad. Put anything in here and it will be saved for later use.
34	This is your personal notepad. Put anything in here and it will be saved for later use.
35	This is your personal notepad. Put anything in here and it will be saved for later use.
36	This is your personal notepad. Put anything in here and it will be saved for later use.
37	This is your personal notepad. Put anything in here and it will be saved for later use.
38	This is your personal notepad. Put anything in here and it will be saved for later use.
39	This is your personal notepad. Put anything in here and it will be saved for later use.
40	This is your personal notepad. Put anything in here and it will be saved for later use.
41	This is your personal notepad. Put anything in here and it will be saved for later use.
42	This is your personal notepad. Put anything in here and it will be saved for later use.
43	This is your personal notepad. Put anything in here and it will be saved for later use.
44	This is your personal notepad. Put anything in here and it will be saved for later use.
45	This is your personal notepad. Put anything in here and it will be saved for later use.
46	This is your personal notepad. Put anything in here and it will be saved for later use.
47	This is your personal notepad. Put anything in here and it will be saved for later use.
48	This is your personal notepad. Put anything in here and it will be saved for later use.
49	This is your personal notepad. Put anything in here and it will be saved for later use.
50	This is your personal notepad. Put anything in here and it will be saved for later use.
51	This is your personal notepad. Put anything in here and it will be saved for later use.
52	This is your personal notepad. Put anything in here and it will be saved for later use.
53	This is your personal notepad. Put anything in here and it will be saved for later use.
54	This is your personal notepad. Put anything in here and it will be saved for later use.
55	This is your personal notepad. Put anything in here and it will be saved for later use.
56	This is your personal notepad. Put anything in here and it will be saved for later use.
57	This is your personal notepad. Put anything in here and it will be saved for later use.
58	This is your personal notepad. Put anything in here and it will be saved for later use.
59	This is your personal notepad. Put anything in here and it will be saved for later use.
60	This is your personal notepad. Put anything in here and it will be saved for later use.
61	This is your personal notepad. Put anything in here and it will be saved for later use.
62	This is your personal notepad. Put anything in here and it will be saved for later use.
63	[ 18:19, 9/12/2009 ]This is your personal notepad. Put anything in here and it will be saved for later use.\n[ 18:19, 9/12/2009 ]\n
64	This is your personal notepad. Put anything in here and it will be saved for later use.
65	This is your personal notepad. Put anything in here and it will be saved for later use.
66	This is your personal notepad. Put anything in here and it will be saved for later use.
67	This is your personal notepad. Put anything in here and it will be saved for later use.
68	This is your personal notepad. Put anything in here and it will be saved for later use.
69	This is your personal notepad. Put anything in here and it will be saved for later use.
70	This is your personal notepad. Put anything in here and it will be saved for later use.
71	This is your personal notepad. Put anything in here and it will be saved for later use.
72	This is your personal notepad. Put anything in here and it will be saved for later use.
73	This is your personal notepad. Put anything in here and it will be saved for later use.
74	This is your personal notepad. Put anything in here and it will be saved for later use.
75	This is your personal notepad. Put anything in here and it will be saved for later use.
76	This is your personal notepad. Put anything in here and it will be saved for later use.
77	This is your personal notepad. Put anything in here and it will be saved for later use.
78	This is your personal notepad. Put anything in here and it will be saved for later use.
79	This is your personal notepad. Put anything in here and it will be saved for later use.
80	This is your personal notepad. Put anything in here and it will be saved for later use.
81	This is your personal notepad. Put anything in here and it will be saved for later use.
82	This is your personal notepad. Put anything in here and it will be saved for later use.
83	This is your personal notepad. Put anything in here and it will be saved for later use.
84	This is your personal notepad. Put anything in here and it will be saved for later use.
85	This is your personal notepad. Put anything in here and it will be saved for later use.
86	This is your personal notepad. Put anything in here and it will be saved for later use.
87	This is your personal notepad. Put anything in here and it will be saved for later use.
88	This is your personal notepad. Put anything in here and it will be saved for later use.
89	This is your personal notepad. Put anything in here and it will be saved for later use.
90	This is your personal notepad. Put anything in here and it will be saved for later use.
91	This is your personal notepad. Put anything in here and it will be saved for later use.
92	This is your personal notepad. Put anything in here and it will be saved for later use.
93	This is your personal notepad. Put anything in here and it will be saved for later use.
94	This is your personal notepad. Put anything in here and it will be saved for later use.
95	This is your personal notepad. Put anything in here and it will be saved for later use.
96	This is your personal notepad. Put anything in here and it will be saved for later use.
97	This is your personal notepad. Put anything in here and it will be saved for later use.
98	This is your personal notepad. Put anything in here and it will be saved for later use.
99	This is your personal notepad. Put anything in here and it will be saved for later use.
100	This is your personal notepad. Put anything in here and it will be saved for later use.
101	http://www.krankydigital.com\n\n<a href=\\"http://www.krankydigital.com\\">Online Radio</a>
102	This is your personal notepad. Put anything in here and it will be saved for later use.
103	This is your personal notepad. Put anything in here and it will be saved for later use.
104	This is your personal notepad. Put anything in here and it will be saved for later use.
105	This is your personal notepad. Put anything in here and it will be saved for later use.
106	This is your personal notepad. Put anything in here and it will be saved for later use.
107	This is your personal notepad. Put anything in here and it will be saved for later use.
108	This is your personal notepad. Put anything in here and it will be saved for later use.
109	This is your personal notepad. Put anything in here and it will be saved for later use.
110	This is your personal notepad. Put anything in here and it will be saved for later use.
111	This is your personal notepad. Put anything in here and it will be saved for later use.
112	This is your personal notepad. Put anything in here and it will be saved for later use.
113	This is your personal notepad. Put anything in here and it will be saved for later use.
114	This is your personal notepad. Put anything in here and it will be saved for later use.
115	This is your personal notepad. Put anything in here and it will be saved for later use.
116	This is your personal notepad. Put anything in here and it will be saved for later use.
117	This is your personal notepad. Put anything in here and it will be saved for later use.
118	This is your personal notepad. Put anything in here and it will be saved for later use.
119	This is your personal notepad. Put anything in here and it will be saved for later use.
120	This is your personal notepad. Put anything in here and it will be saved for later use.
121	This is your personal notepad. Put anything in here and it will be saved for later use.
122	This is your personal notepad. Put anything in here and it will be saved for later use.
123	This is your personal notepad. Put anything in here and it will be saved for later use.
124	This is your personal notepad. Put anything in here and it will be saved for later use.
125	This is your personal notepad. Put anything in here and it will be saved for later use.
126	This is your personal notepad. Put anything in here and it will be saved for later use.
127	This is your personal notepad. Put anything in here and it will be saved for later use.
128	This is your personal notepad. Put anything in here and it will be saved for later use.
129	This is your personal notepad. Put anything in here and it will be saved for later use.
130	This is your personal notepad. Put anything in here and it will be saved for later use.
131	This is your personal notepad. Put anything in here and it will be saved for later use.
132	This is your personal notepad. Put anything in here and it will be saved for later use.
133	This is your personal notepad. Put anything in here and it will be saved for later use.
134	This is your personal notepad. Put anything in here and it will be saved for later use.
135	This is your personal notepad. Put anything in here and it will be saved for later use.
136	This is your personal notepad. Put anything in here and it will be saved for later use.
137	This is your personal notepad. Put anything in here and it will be saved for later use.
138	This is your personal notepad. Put anything in here and it will be saved for later use.
139	This is your personal notepad. Put anything in here and it will be saved for later use.
140	This is your personal notepad. Put anything in here and it will be saved for later use.
141	This is your personal notepad. Put anything in here and it will be saved for later use.
142	This is your personal notepad. Put anything in here and it will be saved for later use.
143	This is your personal notepad. Put anything in here and it will be saved for later use.
144	This is your personal notepad. Put anything in here and it will be saved for later use.
145	This is your personal notepad. Put anything in here and it will be saved for later use.
146	This is your personal notepad. Put anything in here and it will be saved for later use.
147	This is your personal notepad. Put anything in here and it will be saved for later use.
148	This is your personal notepad. Put anything in here and it will be saved for later use.
149	Inclusion bodies solubilized in 20x the wight
150	This is your personal notepad. Put anything in here and it will be saved for later use.
151	This is your personal notepad. Put anything in here and it will be saved for later use.
152	This is your personal notepad. Put anything in here and it will be saved for later use.
153	This is your personal notepad. Put anything in here and it will be saved for later use.
154	This is your personal notepad. Put anything in here and it will be saved for later use.
155	This is your personal notepad. Put anything in here and it will be saved for later use.
156	This is your personal notepad. Put anything in here and it will be saved for later use.
157	This is your personal notepad. Put anything in here and it will be saved for later use.
158	This is your personal notepad. Put anything in here and it will be saved for later use.
159	This is your personal notepad. Put anything in here and it will be saved for later use.
160	This is your personal notepad. Put anything in here and it will be saved for later use.
161	This is your personal notepad. Put anything in here and it will be saved for later use.
162	This is your personal notepad. Put anything in here and it will be saved for later use.
163	This is your personal notepad. Put anything in here and it will be saved for later use.
164	This is your personal notepad. Put anything in here and it will be saved for later use.
165	This is your personal notepad. Put anything in here and it will be saved for later use.
166	This is your personal notepad. Put anything in here and it will be saved for later use.
167	This is your personal notepad. Put anything in here and it will be saved for later use.
168	This is your personal notepad. Put anything in here and it will be saved for later use.
169	This is your personal notepad. Put anything in here and it will be saved for later use.
170	This is your personal notepad. Put anything in here and it will be saved for later use.
171	This is your personal notepad. Put anything in here and it will be saved for later use.
172	This is your personal notepad. Put anything in here and it will be saved for later use.
173	This is your personal notepad. Put anything in here and it will be saved for later use.
174	This is your personal notepad. Put anything in here and it will be saved for later use.
175	This is your personal notepad. Put anything in here and it will be saved for later use.
176	This is your personal notepad. Put anything in here and it will be saved for later use.
177	This is your personal notepad. Put anything in here and it will be saved for later use.
178	This is your personal notepad. Put anything in here and it will be saved for later use.
179	This is your personal notepad. Put anything in here and it will be saved for later use.
180	This is your personal notepad. Put anything in here and it will be saved for later use.
181	This is your personal notepad. Put anything in here and it will be saved for later use.
182	This is your personal notepad. Put anything in here and it will be saved for later use.
183	This is your personal notepad. Put anything in here and it will be saved for later use.
184	This is your personal notepad. Put anything in here and it will be saved for later use.
185	This is your personal notepad. Put anything in here and it will be saved for later use.
186	This is your personal notepad. Put anything in here and it will be saved for later use.
187	This is your personal notepad. Put anything in here and it will be saved for later use.
188	This is your personal notepad. Put anything in here and it will be saved for later use.
189	This is your personal notepad. Put anything in here and it will be saved for later use.
190	This is your personal notepad. Put anything in here and it will be saved for later use.
191	This is your personal notepad. Put anything in here and it will be saved for later use.
192	This is your personal notepad. Put anything in here and it will be saved for later use.
193	This is your personal notepad. Put anything in here and it will be saved for later use.
194	This is your personal notepad. Put anything in here and it will be saved for later use.
195	This is your personal notepad. Put anything in here and it will be saved for later use.
196	This is your personal notepad. Put anything in here and it will be saved for later use.
197	This is your personal notepad. Put anything in here and it will be saved for later use.
198	This is your personal notepad. Put anything in here and it will be saved for later use.
199	This is your personal notepad. Put anything in here and it will be saved for later use.
200	This is your personal notepad. Put anything in here and it will be saved for later use.
201	This is your personal notepad. Put anything in here and it will be saved for later use.
202	This is your personal notepad. Put anything in here and it will be saved for later use.
203	This is your personal notepad. Put anything in here and it will be saved for later use.
204	This is your personal notepad. Put anything in here and it will be saved for later use.
205	This is your personal notepad. Put anything in here and it will be saved for later use.
206	This is your personal notepad. Put anything in here and it will be saved for later use.
207	This is your personal notepad. Put anything in here and it will be saved for later use.
208	This is your personal notepad. Put anything in here and it will be saved for later use.
209	This is your personal notepad. Put anything in here and it will be saved for later use.
210	Believe your life !
211	This is your personal notepad. Put anything in here and it will be saved for later use.
212	This is your personal notepad. Put anything in here and it will be saved for later use.
213	This is your personal notepad. Put anything in here and it will be saved for later use.
214	This is your personal notepad. Put anything in here and it will be saved for later use.
215	This is your personal notepad. Put anything in here and it will be saved for later use.
216	This is your personal notepad. Put anything in here and it will be saved for later use.
217	This is your personal notepad. Put anything in here and it will be saved for later use.
218	legk1\nMPRTMFFSVDAANLQNLQITNQKAFAALESYLNDNDSPGAWNNNQGYKYTHKDVTYCFSFNQSLVRRPRKSDQKKHTFEIFDPNKNPLGKGAYGIVYPILGTIQFEFGNAIKRPPKNKLVKIQNHSERDQSHSVLREYQGLLQSGHIAVKPPIFVENKESKFSYLIMEKAEGIVLEKFLNPIKRLDLSEEVPELNLINRIEITFAILKAIKEQVTDKHLIHRDIKPGNIIIDFSKSPPIAKVIDFGFVLRASEQDYRRCGTRAYRAPESFNTQALYTAKADVWSTGRILSYLWGDKYTNYYISRDKGLDYVIEKSRNELLFSDPELELYLTKEDKSKIRSCLSAMLIVDPEERGSIDKAIKQFSQIDFEKYKRLKRSTNFEIDLTDNDIKLRKQLNSIHLHLITLQSKEKDLRNRACFDAANAMSQLVSKLTAYTNYLEKNPDPFLIKRYKECCIAEIDLANLTLQNHRDALWLVAELSTAILLLGIGYLFAFGINYYNTGRLGLFSQTRSEKLVEEMKSSVLGIAVGN\n\n
219	This is your personal notepad. Put anything in here and it will be saved for later use.
220	This is your personal notepad. Put anything in here and it will be saved for later use.
221	This is your personal notepad. Put anything in here and it will be saved for later use.
222	This is your personal notepad. Put anything in here and it will be saved for later use.
223	This is your personal notepad. Put anything in here and it will be saved for later use.
224	This is your personal notepad. Put anything in here and it will be saved for later use.
225	This is your personal notepad. Put anything in here and it will be saved for later use.
226	This is your personal notepad. Put anything in here and it will be saved for later use.
227	This is your personal notepad. Put anything in here and it will be saved for later use.
228	This is your personal notepad. Put anything in here and it will be saved for later use.
229	This is your personal notepad. Put anything in here and it will be saved for later use.
230	This is your personal notepad. Put anything in here and it will be saved for later use.
231	This is your personal notepad. Put anything in here and it will be saved for later use.
232	This is your personal notepad. Put anything in here and it will be saved for later use.
233	This is your personal notepad. Put anything in here and it will be saved for later use.
234	This is your personal notepad. Put anything in here and it will be saved for later use.
235	This is your personal notepad. Put anything in here and it will be saved for later use.
236	This is your personal notepad. Put anything in here and it will be saved for later use.
237	This is your personal notepad. Put anything in here and it will be saved for later use.
238	This is your personal notepad. Put anything in here and it will be saved for later use.
239	This is your personal notepad. Put anything in here and it will be saved for later use.
240	This is your personal notepad. Put anything in here and it will be saved for later use.
241	This is your personal notepad. Put anything in here and it will be saved for later use.
242	This is your personal notepad. Put anything in here and it will be saved for later use.
243	This is your personal notepad. Put anything in here and it will be saved for later use.
244	This is your personal notepad. Put anything in here and it will be saved for later use.
245	This is your personal notepad. Put anything in here and it will be saved for later use.
246	This is your personal notepad. Put anything in here and it will be saved for later use.
247	This is your personal notepad. Put anything in here and it will be saved for later use.
248	This is your personal notepad. Put anything in here and it will be saved for later use.
249	This is your personal notepad. Put anything in here and it will be saved for later use.
250	This is your personal notepad. Put anything in here and it will be saved for later use.
251	This is your personal notepad. Put anything in here and it will be saved for later use.
252	This is your personal notepad. Put anything in here and it will be saved for later use.
253	This is your personal notepad. Put anything in here and it will be saved for later use.
254	This is your personal notepad. Put anything in here and it will be saved for later use.
255	This is your personal notepad. Put anything in here and it will be saved for later use.
256	This is your personal notepad. Put anything in here and it will be saved for later use.
257	This is your personal notepad. Put anything in here and it will be saved for later use.
258	This is your personal notepad. Put anything in here and it will be saved for later use.
259	This is your personal notepad. Put anything in here and it will be saved for later use.
260	This is your personal notepad. Put anything in here and it will be saved for later use.
261	This is your personal notepad. Put anything in here and it will be saved for later use.
262	This is your personal notepad. Put anything in here and it will be saved for later use.
263	This is your personal notepad. Put anything in here and it will be saved for later use.
264	This is your personal notepad. Put anything in here and it will be saved for later use.
265	This is your personal notepad. Put anything in here and it will be saved for later use.
266	This is your personal notepad. Put anything in here and it will be saved for later use.
267	This is your personal notepad. Put anything in here and it will be saved for later use.
268	This is your personal notepad. Put anything in here and it will be saved for later use.
269	This is your personal notepad. Put anything in here and it will be saved for later use.
270	This is your personal notepad. Put anything in here and it will be saved for later use.
271	This is your personal notepad. Put anything in here and it will be saved for later use.
272	This is your personal notepad. Put anything in here and it will be saved for later use.
273	This is your personal notepad. Put anything in here and it will be saved for later use.
274	This is your personal notepad. Put anything in here and it will be saved for later use.
275	This is your personal notepad. Put anything in here and it will be saved for later use.
276	This is your personal notepad. Put anything in here and it will be saved for later use.
277	This is your personal notepad. Put anything in here and it will be saved for later use.
278	This is your personal notepad. Put anything in here and it will be saved for later use.
279	This is your personal notepad. Put anything in here and it will be saved for later use.
280	This is your personal notepad. Put anything in here and it will be saved for later use.
281	This is your personal notepad. Put anything in here and it will be saved for later use.
282	This is your personal notepad. Put anything in here and it will be saved for later use.
283	This is your personal notepad. Put anything in here and it will be saved for later use.
284	This is your personal notepad. Put anything in here and it will be saved for later use.
285	This is your personal notepad. Put anything in here and it will be saved for later use.
286	This is your personal notepad. Put anything in here and it will be saved for later use.
287	This is your personal notepad. Put anything in here and it will be saved for later use.
288	This is your personal notepad. Put anything in here and it will be saved for later use.
289	This is your personal notepad. Put anything in here and it will be saved for later use.
290	This is your personal notepad. Put anything in here and it will be saved for later use.
291	This is your personal notepad. Put anything in here and it will be saved for later use.
292	This is your personal notepad. Put anything in here and it will be saved for later use.
293	This is your personal notepad. Put anything in here and it will be saved for later use.
294	This is your personal notepad. Put anything in here and it will be saved for later use.
295	This is your personal notepad. Put anything in here and it will be saved for later use.
296	This is your personal notepad. Put anything in here and it will be saved for later use.
297	This is your personal notepad. Put anything in here and it will be saved for later use.
298	This is your personal notepad. Put anything in here and it will be saved for later use.
299	This is your personal notepad. Put anything in here and it will be saved for later use.
300	This is your personal notepad. Put anything in here and it will be saved for later use.
301	This is your personal notepad. Put anything in here and it will be saved for later use.
302	This is your personal notepad. Put anything in here and it will be saved for later use.
303	This is your personal notepad. Put anything in here and it will be saved for later use.
304	This is your personal notepad. Put anything in here and it will be saved for later use.
305	This is your personal notepad. Put anything in here and it will be saved for later use.
306	This is your personal notepad. Put anything in here and it will be saved for later use.
307	This is your personal notepad. Put anything in here and it will be saved for later use.
308	This is your personal notepad. Put anything in here and it will be saved for later use.
309	This is your personal notepad. Put anything in here and it will be saved for later use.
310	This is your personal notepad. Put anything in here and it will be saved for later use.
311	This is your personal notepad. Put anything in here and it will be saved for later use.
312	This is your personal notepad. Put anything in here and it will be saved for later use.
313	This is your personal notepad. Put anything in here and it will be saved for later use.
314	This is your personal notepad. Put anything in here and it will be saved for later use.
315	This is your personal notepad. Put anything in here and it will be saved for later use.
316	This is your personal notepad. Put anything in here and it will be saved for later use.
317	This is your personal notepad. Put anything in here and it will be saved for later use.
318	This is your personal notepad. Put anything in here and it will be saved for later use.
319	This is your personal notepad. Put anything in here and it will be saved for later use.
320	This is your personal notepad. Put anything in here and it will be saved for later use.
321	This is your personal notepad. Put anything in here and it will be saved for later use.
322	This is your personal notepad. Put anything in here and it will be saved for later use.
323	This is your personal notepad. Put anything in here and it will be saved for later use.
324	This is your personal notepad. Put anything in here and it will be saved for later use.
325	This is your personal notepad. Put anything in here and it will be saved for later use.
326	This is your personal notepad. Put anything in here and it will be saved for later use.
327	This is your personal notepad. Put anything in here and it will be saved for later use.
328	This is your personal notepad. Put anything in here and it will be saved for later use.
329	This is your personal notepad. Put anything in here and it will be saved for later use.
330	This is your personal notepad. Put anything in here and it will be saved for later use.
331	This is your personal notepad. Put anything in here and it will be saved for later use.
332	This is your personal notepad. Put anything in here and it will be saved for later use.
333	This is your personal notepad. Put anything in here and it will be saved for later use.
334	This is your personal notepad. Put anything in here and it will be saved for later use.
335	This is your personal notepad. Put anything in here and it will be saved for later use.
336	This is your personal notepad. Put anything in here and it will be saved for later use.
337	This is your personal notepad. Put anything in here and it will be saved for later use.
338	This is your personal notepad. Put anything in here and it will be saved for later use.
339	This is your personal notepad. Put anything in here and it will be saved for later use.
340	This is your personal notepad. Put anything in here and it will be saved for later use.
341	This is your personal notepad. Put anything in here and it will be saved for later use.
342	This is your personal notepad. Put anything in here and it will be saved for later use.
343	This is your personal notepad. Put anything in here and it will be saved for later use.
344	This is your personal notepad. Put anything in here and it will be saved for later use.
345	This is your personal notepad. Put anything in here and it will be saved for later use.
346	This is your personal notepad. Put anything in here and it will be saved for later use.
347	This is your personal notepad. Put anything in here and it will be saved for later use.
348	This is your personal notepad. Put anything in here and it will be saved for later use.
349	This is your personal notepad. Put anything in here and it will be saved for later use.
350	This is your personal notepad. Put anything in here and it will be saved for later use.
351	This is your personal notepad. Put anything in here and it will be saved for later use.
352	This is your personal notepad. Put anything in here and it will be saved for later use.
353	This is your personal notepad. Put anything in here and it will be saved for later use.
354	This is your personal notepad. Put anything in here and it will be saved for later use.
355	This is your personal notepad. Put anything in here and it will be saved for later use.
356	This is your personal notepad. Put anything in here and it will be saved for later use.
357	This is your personal notepad. Put anything in here and it will be saved for later use.
358	This is your personal notepad. Put anything in here and it will be saved for later use.
359	This is your personal notepad. Put anything in here and it will be saved for later use.
360	This is your personal notepad. Put anything in here and it will be saved for later use.
361	This is your personal notepad. Put anything in here and it will be saved for later use.
362	This is your personal notepad. Put anything in here and it will be saved for later use.
363	This is your personal notepad. Put anything in here and it will be saved for later use.
364	This is your personal notepad. Put anything in here and it will be saved for later use.
365	This is your personal notepad. Put anything in here and it will be saved for later use.
366	This is your personal notepad. Put anything in here and it will be saved for later use.
367	This is your personal notepad. Put anything in here and it will be saved for later use.
368	This is your personal notepad. Put anything in here and it will be saved for later use.
369	This is your personal notepad. Put anything in here and it will be saved for later use.
370	This is your personal notepad. Put anything in here and it will be saved for later use.
371	This is your personal notepad. Put anything in here and it will be saved for later use.
372	This is your personal notepad. Put anything in here and it will be saved for later use.
373	This is your personal notepad. Put anything in here and it will be saved for later use.
374	This is your personal notepad. Put anything in here and it will be saved for later use.
375	This is your personal notepad. Put anything in here and it will be saved for later use.
376	This is your personal notepad. Put anything in here and it will be saved for later use.
377	This is your personal notepad. Put anything in here and it will be saved for later use.
378	This is your personal notepad. Put anything in here and it will be saved for later use.
379	This is your personal notepad. Put anything in here and it will be saved for later use.
380	This is your personal notepad. Put anything in here and it will be saved for later use.
381	This is your personal notepad. Put anything in here and it will be saved for later use.
382	This is your personal notepad. Put anything in here and it will be saved for later use.
383	This is your personal notepad. Put anything in here and it will be saved for later use.
384	This is your personal notepad. Put anything in here and it will be saved for later use.
385	This is your personal notepad. Put anything in here and it will be saved for later use.
386	This is your personal notepad. Put anything in here and it will be saved for later use.
387	This is your personal notepad. Put anything in here and it will be saved for later use.
388	This is your personal notepad. Put anything in here and it will be saved for later use.
389	This is your personal notepad. Put anything in here and it will be saved for later use.
390	This is your personal notepad. Put anything in here and it will be saved for later use.
391	This is your personal notepad. Put anything in here and it will be saved for later use.
392	This is your personal notepad. Put anything in here and it will be saved for later use.
393	This is your personal notepad. Put anything in here and it will be saved for later use.
394	This is your personal notepad. Put anything in here and it will be saved for later use.
395	This is your personal notepad. Put anything in here and it will be saved for later use.
396	This is your personal notepad. Put anything in here and it will be saved for later use.
397	This is your personal notepad. Put anything in here and it will be saved for later use.
398	This is your personal notepad. Put anything in here and it will be saved for later use.
399	This is your personal notepad. Put anything in here and it will be saved for later use.
400	This is your personal notepad. Put anything in here and it will be saved for later use.
401	This is your personal notepad. Put anything in here and it will be saved for later use.
402	This is your personal notepad. Put anything in here and it will be saved for later use.
403	This is your personal notepad. Put anything in here and it will be saved for later use.
404	This is your personal notepad. Put anything in here and it will be saved for later use.
405	This is your personal notepad. Put anything in here and it will be saved for later use.
406	This is your personal notepad. Put anything in here and it will be saved for later use.
407	This is your personal notepad. Put anything in here and it will be saved for later use.
408	This is your personal notepad. Put anything in here and it will be saved for later use.
409	This is your personal notepad. Put anything in here and it will be saved for later use.
410	This is your personal notepad. Put anything in here and it will be saved for later use.
411	This is your personal notepad. Put anything in here and it will be saved for later use.
412	This is your personal notepad. Put anything in here and it will be saved for later use.
413	This is your personal notepad. Put anything in here and it will be saved for later use.
414	This is your personal notepad. Put anything in here and it will be saved for later use.
415	This is your personal notepad. Put anything in here and it will be saved for later use.
416	This is your personal notepad. Put anything in here and it will be saved for later use.
417	This is your personal notepad. Put anything in here and it will be saved for later use.
418	This is your personal notepad. Put anything in here and it will be saved for later use.
419	This is your personal notepad. Put anything in here and it will be saved for later use.
420	This is your personal notepad. Put anything in here and it will be saved for later use.
421	This is your personal notepad. Put anything in here and it will be saved for later use.
422	This is your personal notepad. Put anything in here and it will be saved for later use.
423	This is your personal notepad. Put anything in here and it will be saved for later use.
424	This is your personal notepad. Put anything in here and it will be saved for later use.
425	This is your personal notepad. Put anything in here and it will be saved for later use.
426	This is your personal notepad. Put anything in here and it will be saved for later use.
427	This is your personal notepad. Put anything in here and it will be saved for later use.
428	This is your personal notepad. Put anything in here and it will be saved for later use.
429	This is your personal notepad. Put anything in here and it will be saved for later use.
430	This is your personal notepad. Put anything in here and it will be saved for later use.
431	This is your personal notepad. Put anything in here and it will be saved for later use.
432	This is your personal notepad. Put anything in here and it will be saved for later use.
433	This is your personal notepad. Put anything in here and it will be saved for later use.
434	This is your personal notepad. Put anything in here and it will be saved for later use.
435	This is your personal notepad. Put anything in here and it will be saved for later use.
436	This is your personal notepad. Put anything in here and it will be saved for later use.
437	This is your personal notepad. Put anything in here and it will be saved for later use.
438	This is your personal notepad. Put anything in here and it will be saved for later use.
439	This is your personal notepad. Put anything in here and it will be saved for later use.
440	This is your personal notepad. Put anything in here and it will be saved for later use.
441	This is your personal notepad. Put anything in here and it will be saved for later use.
442	This is your personal notepad. Put anything in here and it will be saved for later use.
443	This is your personal notepad. Put anything in here and it will be saved for later use.
444	This is your personal notepad. Put anything in here and it will be saved for later use.
445	This is your personal notepad. Put anything in here and it will be saved for later use.
446	This is your personal notepad. Put anything in here and it will be saved for later use.
447	This is your personal notepad. Put anything in here and it will be saved for later use.
448	This is your personal notepad. Put anything in here and it will be saved for later use.
449	This is your personal notepad. Put anything in here and it will be saved for later use.
450	This is your personal notepad. Put anything in here and it will be saved for later use.
451	This is your personal notepad. Put anything in here and it will be saved for later use.
452	This is your personal notepad. Put anything in here and it will be saved for later use.
